date,vehicle_id,leg_id,driver_id,pickup,kind,ok_engine,ok_warn,ok_mint,warn_codes
2026-07-25,7,28202,58,06:30,OTHER,1,1,1,
2026-07-25,7,28356,58,08:00,OTHER,1,1,1,
2026-07-25,7,28594,58,09:45,OTHER,1,1,1,
2026-07-25,7,24823,58,10:45,OTHER,1,1,1,
2026-07-25,7,29423,58,13:15,OTHER,1,1,1,
2026-07-25,7,27716,58,15:00,OTHER,1,1,1,
2026-07-25,7,27846,58,16:05,OTHER,1,1,1,
2026-07-25,7,25573,62,18:45,OTHER,1,1,1,
2026-07-25,7,23185,62,19:50,OTHER,1,1,1,
2026-07-25,7,30627,62,22:15,OTHER,1,1,1,
2026-07-26,6,29029,51,09:15,OTHER,1,1,1,
2026-07-26,6,28700,51,10:00,OTHER,1,1,1,
2026-07-26,6,30546,51,11:45,OTHER,0,0,0,share_overlap
2026-07-26,6,27093,58,12:57,OTHER,0,0,0,share_overlap
2026-07-26,6,28043,58,15:15,OTHER,1,1,1,
2026-07-26,6,29390,58,16:55,OTHER,1,1,1,
2026-07-26,6,30104,58,19:57,OTHER,1,1,1,
2026-07-27,16,29780,57,09:00,OTHER,1,1,1,
2026-07-27,16,29848,57,09:29,OTHER,1,1,1,
2026-07-27,16,28975,57,12:30,OTHER,1,1,1,
2026-07-27,16,26930,57,14:45,OTHER,1,1,1,
2026-07-27,16,30621,57,15:52,OTHER,1,1,1,
2026-07-27,16,27336,59,19:30,OTHER,1,1,1,
2026-07-27,16,26475,59,21:15,OTHER,1,1,1,
2026-07-27,16,27873,59,21:51,OTHER,1,1,1,
2026-07-28,7,29410,54,09:26,OTHER,1,1,1,
2026-07-28,7,26229,54,14:00,OTHER,1,1,1,
2026-07-28,7,24172,54,16:00,OTHER,0,0,0,share_overlap
2026-07-28,7,30975,62,17:18,OTHER,0,0,0,share_overlap
2026-07-28,7,22449,62,20:28,OTHER,1,1,1,
2026-07-30,7,29594,48,06:14,OTHER,1,1,1,
2026-07-30,7,17620,48,08:23,OTHER,1,1,1,
2026-07-30,7,28954,48,10:30,OTHER,1,1,1,
2026-07-30,7,29020,48,12:30,OTHER,1,1,1,
2026-07-30,7,30825,48,15:01,OTHER,1,1,1,
2026-07-30,7,30577,58,18:11,OTHER,1,1,1,
2026-07-30,7,28595,58,20:07,OTHER,1,1,1,
2026-07-30,7,18884,58,22:07,OTHER,1,1,1,
2026-07-30,11,28732,54,06:00,OTHER,1,1,1,
2026-07-30,11,25879,54,07:30,OTHER,1,1,1,
2026-07-30,11,31159,54,09:53,OTHER,1,1,1,
2026-07-30,11,30015,54,12:00,OTHER,1,1,1,
2026-07-30,11,26528,38,15:41,OTHER,1,1,1,
2026-07-30,11,30662,38,18:30,OTHER,1,1,1,
2026-07-30,11,29921,38,22:45,OTHER,1,1,1,
2026-07-30,15,29920,55,18:00,OTHER,1,1,1,
2026-07-30,15,26569,55,19:54,OTHER,1,1,1,
2026-07-30,15,30349,55,22:14,OTHER,1,1,1,
2026-07-30,15,29285,52,09:00,OTHER,1,1,1,
2026-07-30,15,30889,52,09:49,OTHER,1,1,1,
2026-07-30,15,19946,52,11:45,OTHER,1,1,1,
2026-07-30,15,29732,52,14:27,OTHER,1,1,1,
2026-07-31,5,30107,53,06:00,OTHER,1,1,1,
2026-07-31,5,29389,53,07:15,OTHER,1,1,1,
2026-07-31,5,15880,53,09:00,OTHER,0,0,1,share_overlap
2026-07-31,5,23863,54,11:15,OTHER,0,0,1,share_overlap
2026-07-31,5,28278,54,13:45,OTHER,1,1,1,
2026-07-31,5,29844,54,14:24,OTHER,1,1,1,
2026-07-31,5,28702,54,16:30,OTHER,1,1,1,
2026-07-31,5,25953,54,18:10,OTHER,1,1,1,
2026-07-31,5,29948,54,20:29,OTHER,1,1,1,
2026-07-31,8,31389,55,05:59,OTHER,1,1,1,
2026-07-31,8,26613,55,07:30,OTHER,1,1,1,
2026-07-31,8,27824,55,09:00,OTHER,1,1,1,
2026-07-31,8,31500,55,11:07,OTHER,1,1,1,
2026-07-31,8,30685,55,13:00,OTHER,1,1,1,
2026-07-31,8,29699,38,16:15,OTHER,1,1,1,
2026-07-31,8,31176,38,17:32,OTHER,1,1,1,
2026-07-31,8,29880,38,20:01,OTHER,1,1,1,
2026-07-31,8,31503,38,21:45,OTHER,1,1,1,
2026-07-31,1,31343,58,14:30,OTHER,1,1,1,
2026-07-31,1,25907,58,19:40,OTHER,1,1,1,
2026-07-31,1,29663,58,21:51,OTHER,1,1,1,
2026-07-31,1,26297,26,07:30,OTHER,1,1,1,
2026-07-31,1,31512,26,09:15,OTHER,1,1,1,
2026-07-31,1,26991,26,10:48,OTHER,1,1,1,
2026-08-01,6,27567,52,03:00,OTHER,1,1,1,
2026-08-01,6,23306,52,04:15,OTHER,1,1,1,
2026-08-01,6,29673,52,06:00,OTHER,1,1,1,
2026-08-01,6,28326,52,08:26,OTHER,1,1,1,
2026-08-01,6,30048,52,09:45,OTHER,1,1,1,
2026-08-01,6,19036,52,11:00,OTHER,1,1,1,
2026-08-01,6,31215,52,12:30,OTHER,1,1,1,
2026-08-01,6,30360,52,16:30,OTHER,1,1,1,
2026-08-01,6,29441,52,16:50,OTHER,1,1,1,
2026-08-01,6,25818,51,20:20,OTHER,1,1,1,
2026-08-01,6,20702,51,23:03,OTHER,1,1,1,
2026-08-03,4,22974,33,04:00,OTHER,1,1,1,
2026-08-03,4,30867,33,05:40,OTHER,1,1,1,
2026-08-03,4,25954,33,07:15,OTHER,1,1,1,
2026-08-03,4,14659,33,09:00,OTHER,1,1,1,
2026-08-03,4,27858,33,10:13,OTHER,1,1,1,
2026-08-03,4,24640,53,19:33,OTHER,1,1,1,
2026-08-03,16,23309,67,04:30,OTHER,1,1,1,
2026-08-03,16,29733,67,05:30,OTHER,1,1,1,
2026-08-03,16,31281,67,09:00,OTHER,1,1,1,
2026-08-03,16,27659,67,11:30,OTHER,1,1,1,
2026-08-03,16,25845,67,13:43,OTHER,1,1,1,
2026-08-03,16,31754,64,18:23,OTHER,1,1,1,
2026-08-03,16,31644,64,21:00,OTHER,1,1,1,
2026-08-03,16,29124,64,23:50,OTHER,1,1,1,
2026-08-06,8,31467,69,09:15,OTHER,1,1,1,
2026-08-06,8,26666,69,10:15,OTHER,1,1,1,
2026-08-06,8,28066,69,11:43,OTHER,1,1,1,
2026-08-06,8,29682,62,20:20,OTHER,1,1,1,
2026-08-06,8,33012,62,23:21,OTHER,1,1,1,
2026-08-06,7,28721,61,14:00,OTHER,1,1,1,
2026-08-06,7,29515,61,16:01,OTHER,1,1,1,
2026-08-06,7,31538,61,23:38,OTHER,1,1,1,
2026-08-06,7,29724,33,05:00,OTHER,1,1,1,
2026-08-06,7,27542,33,07:30,OTHER,1,1,1,
2026-08-06,7,31429,33,09:45,OTHER,1,1,1,
2026-08-06,7,31623,33,10:55,OTHER,1,1,1,
2026-08-07,6,32053,51,04:00,OTHER,1,1,1,
2026-08-07,6,31204,51,05:00,OTHER,1,1,1,
2026-08-07,6,29201,51,07:00,OTHER,1,1,1,
2026-08-07,6,23191,51,08:00,OTHER,1,1,1,
2026-08-07,6,15553,51,09:36,OTHER,1,1,1,
2026-08-07,6,30852,51,11:00,OTHER,1,1,1,
2026-08-07,6,33061,51,12:18,OTHER,1,1,1,
2026-08-07,6,30212,66,16:37,OTHER,1,1,1,
2026-08-07,6,31824,66,18:45,OTHER,1,1,1,
2026-08-07,6,31901,66,20:06,OTHER,1,1,1,
2026-08-07,6,25931,66,23:31,OTHER,1,1,1,
2026-08-07,11,30353,55,06:30,OTHER,1,1,1,
2026-08-07,11,29539,55,08:15,OTHER,1,1,1,
2026-08-07,11,31826,55,09:30,OTHER,1,1,1,
2026-08-07,11,28772,55,11:00,OTHER,1,1,1,
2026-08-07,11,32295,55,12:16,OTHER,1,1,1,
2026-08-07,11,26953,50,16:27,OTHER,1,1,1,
2026-08-07,11,30136,50,20:16,OTHER,1,1,1,
2026-08-07,11,30798,50,22:59,OTHER,1,1,1,
2026-08-09,1,33363,58,08:00,OTHER,1,1,1,
2026-08-09,1,25183,58,09:34,OTHER,1,1,1,
2026-08-09,1,32478,58,12:36,OTHER,1,1,1,
2026-08-09,1,33214,58,14:58,OTHER,1,1,1,
2026-08-09,1,33362,58,17:00,OTHER,1,1,1,
2026-08-09,1,31412,58,18:45,OTHER,1,1,1,
2026-08-09,1,31470,26,23:28,OTHER,1,1,1,
2026-08-10,16,32296,38,04:00,OTHER,1,1,1,
2026-08-10,16,30442,38,08:00,OTHER,1,1,1,
2026-08-10,16,32161,38,09:15,OTHER,1,1,1,
2026-08-10,16,32222,38,10:30,OTHER,1,1,1,
2026-08-10,16,32335,38,11:11,OTHER,1,1,1,
2026-08-10,16,31755,38,13:30,OTHER,1,1,1,
2026-08-10,16,33033,38,14:42,OTHER,1,1,1,
2026-08-10,16,24490,38,16:45,OTHER,0,0,1,share_overlap
2026-08-10,16,32977,50,18:59,OTHER,0,0,1,share_overlap
2026-08-10,16,32450,50,23:09,OTHER,1,1,1,
2026-08-10,17,25537,33,03:30,OTHER,1,1,1,
2026-08-10,17,27006,33,05:45,OTHER,1,1,1,
2026-08-10,17,24133,33,08:30,OTHER,1,1,1,
2026-08-10,17,22716,33,10:15,OTHER,1,1,1,
2026-08-10,17,23594,33,11:30,OTHER,1,1,1,
2026-08-10,17,33007,33,12:30,OTHER,1,1,1,
2026-08-10,17,31272,33,14:30,OTHER,1,1,1,
2026-08-10,17,12164,33,16:30,OTHER,1,1,1,
2026-08-10,17,33795,51,23:12,OTHER,1,1,1,
2026-08-12,17,29239,64,17:50,OTHER,1,1,1,
2026-08-12,17,24121,64,21:04,OTHER,1,1,1,
2026-08-12,17,34161,64,23:52,OTHER,1,1,1,
2026-08-12,17,27770,51,05:00,OTHER,1,1,1,
2026-08-12,17,32045,51,07:00,OTHER,1,1,1,
2026-08-12,17,32764,51,09:45,OTHER,1,1,1,
2026-08-12,17,23706,51,10:49,OTHER,1,1,1,
2026-08-12,17,28249,51,12:57,OTHER,1,1,1,
2026-08-12,17,30093,51,15:00,OTHER,1,1,1,
2026-08-13,9,28127,46,08:30,OTHER,1,1,1,
2026-08-13,9,27041,46,08:54,OTHER,1,1,1,
2026-08-13,9,24641,46,10:15,OTHER,1,1,1,
2026-08-13,9,24417,46,11:02,OTHER,1,1,1,
2026-08-13,9,33352,46,12:55,OTHER,1,1,1,
2026-08-13,9,31069,46,15:00,OTHER,1,1,1,
2026-08-13,9,25368,50,20:03,OTHER,1,1,1,
2026-08-13,9,34381,50,22:04,OTHER,1,1,1,
2026-08-13,5,23646,53,17:54,OTHER,1,1,1,
2026-08-13,5,29466,53,19:25,OTHER,1,1,1,
2026-08-13,5,33326,53,20:42,OTHER,1,1,1,
2026-08-13,5,33452,62,08:00,OTHER,1,1,1,
2026-08-13,5,30019,62,08:56,OTHER,1,1,1,
2026-08-13,5,29502,62,10:15,OTHER,1,1,1,
2026-08-13,5,23320,62,13:02,OTHER,1,1,1,
2026-08-14,5,32886,53,14:00,OTHER,1,1,1,
2026-08-14,5,31938,53,14:10,OTHER,1,1,1,
2026-08-14,5,30443,53,18:19,OTHER,1,1,1,
2026-08-14,5,30399,53,22:28,OTHER,1,1,1,
2026-08-14,5,31874,69,07:30,OTHER,1,1,1,
2026-08-14,5,33313,69,09:00,OTHER,1,1,1,
2026-08-14,5,32490,69,10:53,OTHER,1,1,1,
2026-08-15,12,29399,57,05:00,OTHER,1,1,1,
2026-08-15,12,19240,57,06:00,OTHER,1,1,1,
2026-08-15,12,32469,57,07:30,OTHER,1,1,1,
2026-08-15,12,27538,57,08:30,OTHER,1,1,1,
2026-08-15,12,32869,57,09:45,OTHER,1,1,1,
2026-08-15,12,27403,57,10:06,OTHER,1,1,1,
2026-08-15,12,32930,66,13:00,OTHER,1,1,1,
2026-08-15,12,21777,66,13:56,OTHER,1,1,1,
2026-08-15,12,27097,66,15:45,OTHER,1,1,1,
2026-08-15,12,21065,66,17:30,OTHER,1,1,1,
2026-08-15,12,24878,66,18:05,OTHER,1,1,1,
2026-08-15,12,31841,66,22:51,OTHER,1,1,1,
2026-08-16,5,33958,53,07:00,OTHER,1,1,1,
2026-08-16,5,31145,53,08:00,OTHER,1,1,1,
2026-08-16,5,24715,53,09:00,OTHER,1,1,1,
2026-08-16,5,33411,53,10:00,OTHER,1,1,1,
2026-08-16,5,7138,53,10:22,OTHER,1,1,1,
2026-08-16,5,28805,53,12:45,OTHER,1,1,1,
2026-08-16,5,28466,53,13:15,OTHER,1,1,1,
2026-08-16,5,24659,62,17:00,OTHER,1,1,1,
2026-08-16,5,31447,62,17:44,OTHER,1,1,1,
2026-08-16,5,34108,62,18:00,OTHER,1,1,1,
2026-08-17,16,35157,68,09:30,OTHER,1,1,1,
2026-08-17,16,29511,68,11:06,OTHER,1,1,1,
2026-08-17,16,19561,68,13:05,OTHER,1,1,1,
2026-08-17,16,30941,68,13:30,OTHER,1,1,1,
2026-08-17,16,30216,70,17:00,OTHER,1,1,1,
2026-08-17,16,23243,70,18:30,OTHER,1,1,1,
2026-08-17,16,17225,70,19:46,OTHER,1,1,1,
2026-08-17,5,33466,52,04:30,OTHER,1,1,1,
2026-08-17,5,31074,52,07:00,OTHER,1,1,1,
2026-08-17,5,30990,52,09:00,OTHER,1,1,1,
2026-08-17,5,31261,52,09:25,OTHER,1,1,1,
2026-08-17,5,30308,52,11:30,OTHER,1,1,1,
2026-08-17,5,24007,52,12:39,OTHER,1,1,1,
2026-08-17,5,32120,52,15:30,OTHER,0,0,0,share_overlap
2026-08-17,5,26602,53,17:15,OTHER,0,0,0,share_overlap
2026-08-17,5,34214,53,21:25,OTHER,1,1,1,
2026-08-20,11,32077,69,08:25,OTHER,1,1,1,
2026-08-20,11,24744,69,09:59,OTHER,1,1,1,
2026-08-20,11,35687,69,13:00,OTHER,1,1,1,
2026-08-20,11,35785,38,18:08,OTHER,1,1,1,
2026-08-20,11,32676,38,20:24,OTHER,1,1,1,
2026-08-20,11,35907,38,23:29,OTHER,1,1,1,
2026-08-20,15,30822,71,06:45,OTHER,1,1,1,
2026-08-20,15,25600,71,09:00,OTHER,1,1,1,
2026-08-20,15,33130,71,11:00,OTHER,1,1,1,
2026-08-20,15,34111,72,15:00,OTHER,1,1,1,
2026-08-20,15,29878,72,17:47,OTHER,1,1,1,
2026-08-20,15,22988,72,19:48,OTHER,1,1,1,
2026-08-21,16,31319,55,07:00,OTHER,0,0,0,share_overlap
2026-08-21,16,34643,55,07:56,OTHER,0,0,0,share_overlap
2026-08-21,16,8520,55,10:00,OTHER,0,0,0,share_interleave|share_overlap
2026-08-21,16,34864,55,11:02,OTHER,0,0,0,share_interleave|share_overlap
2026-08-21,16,33276,70,17:59,OTHER,0,0,0,share_overlap
2026-08-21,16,36148,70,21:37,OTHER,1,1,1,
2026-08-21,16,32783,38,08:30,OTHER,0,0,0,share_overlap
2026-08-21,16,33143,38,09:30,OTHER,0,0,0,share_overlap
2026-08-21,16,33550,38,10:13,OTHER,0,0,0,share_interleave|share_overlap
2026-08-21,16,35858,38,14:18,OTHER,1,1,0,
2026-08-21,16,21243,38,16:30,OTHER,0,0,0,share_overlap
2026-08-21,18,34920,50,16:30,OTHER,1,1,1,
2026-08-21,18,29909,50,18:45,OTHER,1,1,1,
2026-08-21,18,34667,50,19:43,OTHER,1,1,1,
2026-08-21,18,27315,68,09:00,OTHER,1,1,1,
2026-08-21,18,33752,68,09:22,OTHER,1,1,1,
2026-08-21,18,33845,68,11:00,OTHER,1,1,1,
2026-08-21,18,30329,68,11:07,OTHER,1,1,1,
2026-08-21,18,27235,68,13:15,OTHER,1,1,1,
2026-08-22,9,28939,48,03:00,OTHER,1,1,1,
2026-08-22,9,29136,48,04:15,OTHER,1,1,1,
2026-08-22,9,32176,48,06:30,OTHER,1,1,1,
2026-08-22,9,31668,48,07:30,OTHER,1,1,1,
2026-08-22,9,19020,48,09:00,OTHER,1,1,1,
2026-08-22,9,36211,48,09:55,OTHER,1,1,1,
2026-08-22,9,33498,48,13:00,OTHER,1,1,1,
2026-08-22,9,31020,48,13:45,OTHER,1,1,1,
2026-08-22,9,25980,48,16:30,OTHER,1,1,1,
2026-08-22,9,30118,70,20:22,OTHER,1,1,1,
2026-08-22,9,35727,70,23:15,OTHER,1,1,1,
2026-08-22,16,22578,55,12:25,OTHER,0,0,0,share_overlap
2026-08-22,16,17041,55,14:45,OTHER,1,1,1,
2026-08-22,16,34486,55,16:00,OTHER,1,1,1,
2026-08-22,16,25490,55,16:50,OTHER,1,1,1,
2026-08-22,16,35018,55,18:51,OTHER,1,1,1,
2026-08-22,16,33448,54,08:00,OTHER,1,1,1,
2026-08-22,16,32493,54,09:00,OTHER,1,1,1,
2026-08-22,16,20054,54,09:32,OTHER,1,1,1,
2026-08-22,16,34826,54,11:30,OTHER,0,0,0,share_overlap
2026-08-22,11,31718,66,14:26,OTHER,0,0,0,share_overlap
2026-08-22,11,32125,66,16:00,OTHER,1,1,1,
2026-08-22,11,25568,66,17:00,OTHER,1,1,1,
2026-08-22,11,35178,66,17:55,OTHER,1,1,1,
2026-08-22,11,32766,52,03:45,OTHER,1,1,1,
2026-08-22,11,17226,52,05:00,OTHER,1,1,1,
2026-08-22,11,30439,52,07:30,OTHER,1,1,1,
2026-08-22,11,24433,52,08:40,OTHER,1,1,1,
2026-08-22,11,31948,52,10:00,OTHER,1,1,1,
2026-08-22,11,23195,52,11:00,OTHER,1,1,1,
2026-08-22,11,24093,52,11:33,OTHER,1,1,1,
2026-08-22,11,33622,52,13:00,OTHER,0,0,0,share_overlap
